-- VACCINE MANUFACTURER 

INSERT INTO VaccineManufacturer (manufacturer_name, production_volume, production_rate)
VALUES ("veler", 100000, 1000);

INSERT INTO VaccineManufacturer (manufacturer_name, production_volume, production_rate)
VALUES ("pontel", 15000, 800);

INSERT INTO VaccineManufacturer (manufacturer_name, production_volume, production_rate)
VALUES ("haxola", 16000, 900);

INSERT INTO VaccineManufacturer (manufacturer_name, production_volume, production_rate)
VALUES ("dartis", 30000, 500);

INSERT INTO VaccineManufacturer (manufacturer_name, production_volume, production_rate)
VALUES ("camche", 40000, 600);

insert into VaccineManufacturer (manufacturer_name, production_volume, production_rate) values ('Peptostrep', 3340, 452);
insert into VaccineManufacturer (manufacturer_name, production_volume, production_rate) values ('Allergy', 2409, 497);
insert into VaccineManufacturer (manufacturer_name, production_volume, production_rate) values ('Pramipexole', 2346, 303);
insert into VaccineManufacturer (manufacturer_name, production_volume, production_rate) values ('BAROX', 2147, 386);
insert into VaccineManufacturer (manufacturer_name, production_volume, production_rate) values ('Bayer', 826, 91);
insert into VaccineManufacturer (manufacturer_name, production_volume, production_rate) values ('Fibromyalgia', 3366, 215);
insert into VaccineManufacturer (manufacturer_name, production_volume, production_rate) values ('Citalopram', 2900, 223);
insert into VaccineManufacturer (manufacturer_name, production_volume, production_rate) values ('Denti', 4565, 143);
insert into VaccineManufacturer (manufacturer_name, production_volume, production_rate) values ('Solar', 4047, 342);
insert into VaccineManufacturer (manufacturer_name, production_volume, production_rate) values ('Fluvastatin', 1802, 378);
insert into VaccineManufacturer (manufacturer_name, production_volume, production_rate) values ('Fosrenol', 3689, 261);
insert into VaccineManufacturer (manufacturer_name, production_volume, production_rate) values ('Vanilla', 3673, 112);
insert into VaccineManufacturer (manufacturer_name, production_volume, production_rate) values ('Kit', 4328, 415);
insert into VaccineManufacturer (manufacturer_name, production_volume, production_rate) values ('Pleo', 3984, 129);
insert into VaccineManufacturer (manufacturer_name, production_volume, production_rate) values ('Methocarbamol', 3753, 77);
insert into VaccineManufacturer (manufacturer_name, production_volume, production_rate) values ('Diphenhydramine', 2951, 109);
insert into VaccineManufacturer (manufacturer_name, production_volume, production_rate) values ('Glimepiride', 756, 417);
insert into VaccineManufacturer (manufacturer_name, production_volume, production_rate) values ('ZOVIRAX', 4838, 61);
insert into VaccineManufacturer (manufacturer_name, production_volume, production_rate) values ('Amitriptyline', 2517, 429);
insert into VaccineManufacturer (manufacturer_name, production_volume, production_rate) values ('Vancomycin', 844, 213);
insert into VaccineManufacturer (manufacturer_name, production_volume, production_rate) values ('Metoprolol', 4975, 300);
insert into VaccineManufacturer (manufacturer_name, production_volume, production_rate) values ('NORITATE', 2956, 215);
insert into VaccineManufacturer (manufacturer_name, production_volume, production_rate) values ('Piperacillin', 819, 452);
insert into VaccineManufacturer (manufacturer_name, production_volume, production_rate) values ('Pepcid', 4570, 384);
insert into VaccineManufacturer (manufacturer_name, production_volume, production_rate) values ('Lipitor', 2848, 380);
insert into VaccineManufacturer (manufacturer_name, production_volume, production_rate) values ('Birch', 1840, 490);
insert into VaccineManufacturer (manufacturer_name, production_volume, production_rate) values ('English', 1325, 188);
insert into VaccineManufacturer (manufacturer_name, production_volume, production_rate) values ('HEADACHE', 4764, 386);
insert into VaccineManufacturer (manufacturer_name, production_volume, production_rate) values ('Ceramide', 1095, 348);
insert into VaccineManufacturer (manufacturer_name, production_volume, production_rate) values ('Terazol', 4751, 69);
insert into VaccineManufacturer (manufacturer_name, production_volume, production_rate) values ('Antiseptic', 3895, 113);
insert into VaccineManufacturer (manufacturer_name, production_volume, production_rate) values ('Evista', 2121, 444);
insert into VaccineManufacturer (manufacturer_name, production_volume, production_rate) values ('cold', 2977, 442);
insert into VaccineManufacturer (manufacturer_name, production_volume, production_rate) values ('Sulindac', 1627, 243);
insert into VaccineManufacturer (manufacturer_name, production_volume, production_rate) values ('Beef', 1703, 106);
insert into VaccineManufacturer (manufacturer_name, production_volume, production_rate) values ('Multitrace', 4906, 432);
insert into VaccineManufacturer (manufacturer_name, production_volume, production_rate) values ('LBEL', 4049, 263);
insert into VaccineManufacturer (manufacturer_name, production_volume, production_rate) values ('benzonatate', 935, 62);
insert into VaccineManufacturer (manufacturer_name, production_volume, production_rate) values ('Pollens', 3137, 105);
insert into VaccineManufacturer (manufacturer_name, production_volume, production_rate) values ('FOUNDATION', 1535, 109);
insert into VaccineManufacturer (manufacturer_name, production_volume, production_rate) values ('MBM', 3151, 75);
insert into VaccineManufacturer (manufacturer_name, production_volume, production_rate) values ('Betapace', 4979, 498);
insert into VaccineManufacturer (manufacturer_name, production_volume, production_rate) values ('TOURCIA', 2485, 175);
insert into VaccineManufacturer (manufacturer_name, production_volume, production_rate) values ('NITROUS', 3773, 127);
insert into VaccineManufacturer (manufacturer_name, production_volume, production_rate) values ('Acne', 3269, 272);
insert into VaccineManufacturer (manufacturer_name, production_volume, production_rate) values ('DISCOUNT', 2797, 134);
insert into VaccineManufacturer (manufacturer_name, production_volume, production_rate) values ('Houief', 2082, 59);
insert into VaccineManufacturer (manufacturer_name, production_volume, production_rate) values ('minoxidil', 3727, 158);
insert into VaccineManufacturer (manufacturer_name, production_volume, production_rate) values ('Pain', 2519, 158);
insert into VaccineManufacturer (manufacturer_name, production_volume, production_rate) values ('ANTBAC', 3033, 300);

-- VACCINE RECEIVER

INSERT INTO VaccineReceiver(phn, name, email, phone_number, date_of_birth, postal_code) 
VALUES (7887737737, "Susan Neige", "susanneige@gmail.com", 6043692375, "1997-04-12", "V6X 1X1");

INSERT INTO VaccineReceiver(phn, name, email, phone_number, date_of_birth, postal_code) 
VALUES (9338621983, "John Brown", "johnbrown@hotmail.com", 7785362894, "1982-01-04", "V6C 6S7");

INSERT INTO VaccineReceiver(phn, name, email, phone_number, date_of_birth, postal_code) 
VALUES (1239633877, "Tyler Johnson", "tyler0101@tylerjohnson.com", 7782426283, "2001-01-01", "V6J 5C4");

INSERT INTO VaccineReceiver(phn, name, email, phone_number, date_of_birth, postal_code) 
VALUES (6363822534, "Heather Heatherson", "heather@gmail.com", 6042628282, "1955-11-24", "V6G 7B8");

INSERT INTO VaccineReceiver(phn, name, email, phone_number, date_of_birth, postal_code) 
VALUES (5238222152, "Peter Kae", "peter.kae@gmail.com", 4037847382, "1988-04-26", "V6C 9A2");

-- HEALTH WORKER

INSERT INTO HealthWorker(phn, name, email)
VALUES (1887737737, "Susan Milheimer", "susan.milheimer@nasa.com");

INSERT INTO HealthWorker(phn, name, email)
VALUES (7338621983, "John", "john@gmail.com");

INSERT INTO HealthWorker(phn, name, email)
VALUES (9239633877, "Tyler Egg", "tyler.egg@gmail.com");

INSERT INTO HealthWorker(phn, name, email)
VALUES (5363822534, "Heather Mer", "evilslayer99@hotmail.com");

INSERT INTO HealthWorker(phn, name, email)
VALUES (6238222152, "Peter Geoff", "geoff.peter@gmail.com");

-- VACCINE

INSERT INTO Vaccine(name, vaccine_type, number_of_shots, cooldown_days, manufacturer_name)
VALUES ("comirnaty", "mrna", 3, 20, "veler");

INSERT INTO Vaccine(name, vaccine_type, number_of_shots, cooldown_days, manufacturer_name)
VALUES ("merck", "mrna", 1, 36, "pontel");

INSERT INTO Vaccine(name, vaccine_type, number_of_shots, cooldown_days, manufacturer_name)
VALUES ("spikevax", "mrna", 2, 53, "haxola");

INSERT INTO Vaccine(name, vaccine_type, number_of_shots, cooldown_days, manufacturer_name)
VALUES ("janssen", "adenovirus vector", 1, 60, "camche");

INSERT INTO Vaccine(name, vaccine_type, number_of_shots, cooldown_days, manufacturer_name)
VALUES ("vaxzevria", "adenovirus vector", 2, 45, "dartis");

insert into Vaccine (name, vaccine_type, number_of_shots, cooldown_days, manufacturer_name) values ('Alpha', 'mRNA', 4, 7, 'Peptostrep');
insert into Vaccine (name, vaccine_type, number_of_shots, cooldown_days, manufacturer_name) values ('Regrant', 'adenovirus vector', 4, 16, 'Allergy');
insert into Vaccine (name, vaccine_type, number_of_shots, cooldown_days, manufacturer_name) values ('Cardify', 'mRNA', 1, 14, 'Pramipexole');
insert into Vaccine (name, vaccine_type, number_of_shots, cooldown_days, manufacturer_name) values ('Zathin', 'mRNA', 2, 13, 'BAROX');
insert into Vaccine (name, vaccine_type, number_of_shots, cooldown_days, manufacturer_name) values ('Lotstring', 'mRNA', 3, 15, 'Bayer');
insert into Vaccine (name, vaccine_type, number_of_shots, cooldown_days, manufacturer_name) values ('Tin', 'mRNA', 2, 17, 'Fibromyalgia');
insert into Vaccine (name, vaccine_type, number_of_shots, cooldown_days, manufacturer_name) values ('Latlux', 'mRNA', 3, 12, 'Citalopram');
insert into Vaccine (name, vaccine_type, number_of_shots, cooldown_days, manufacturer_name) values ('Hatity', 'mRNA', 1, 11, 'Denti');
insert into Vaccine (name, vaccine_type, number_of_shots, cooldown_days, manufacturer_name) values ('Yfind', 'mRNA', 3, 12, 'Solar');
insert into Vaccine (name, vaccine_type, number_of_shots, cooldown_days, manufacturer_name) values ('Ventosanzap', 'adenovirus vector', 2, 9, 'Fluvastatin');
insert into Vaccine (name, vaccine_type, number_of_shots, cooldown_days, manufacturer_name) values ('Gembucket', 'mRNA', 1, 15, 'Fosrenol');
insert into Vaccine (name, vaccine_type, number_of_shots, cooldown_days, manufacturer_name) values ('FixSan', 'mRNA', 3, 13, 'Vanilla');
insert into Vaccine (name, vaccine_type, number_of_shots, cooldown_days, manufacturer_name) values ('Bitchip', 'mRNA', 4, 17, 'Kit');
insert into Vaccine (name, vaccine_type, number_of_shots, cooldown_days, manufacturer_name) values ('Flexidy', 'mRNA', 4, 12, 'Pleo');
insert into Vaccine (name, vaccine_type, number_of_shots, cooldown_days, manufacturer_name) values ('Solarbreeze', 'mRNA', 3, 7, 'Methocarbamol');
insert into Vaccine (name, vaccine_type, number_of_shots, cooldown_days, manufacturer_name) values ('Flowdesk', 'mRNA', 1, 18, 'Diphenhydramine');
insert into Vaccine (name, vaccine_type, number_of_shots, cooldown_days, manufacturer_name) values ('Duobam', 'mRNA', 4, 18, 'Glimepiride');
insert into Vaccine (name, vaccine_type, number_of_shots, cooldown_days, manufacturer_name) values ('Konklux', 'adenovirus vector', 4, 11, 'ZOVIRAX');
insert into Vaccine (name, vaccine_type, number_of_shots, cooldown_days, manufacturer_name) values ('HomeIng', 'mRNA', 3, 9, 'Amitriptyline');
insert into Vaccine (name, vaccine_type, number_of_shots, cooldown_days, manufacturer_name) values ('Pannier', 'mRNA', 2, 10, 'Vancomycin');
insert into Vaccine (name, vaccine_type, number_of_shots, cooldown_days, manufacturer_name) values ('Wrapsafe', 'adenovirus vector', 2, 17, 'Metoprolol');
insert into Vaccine (name, vaccine_type, number_of_shots, cooldown_days, manufacturer_name) values ('Veribet', 'mRNA', 2, 7, 'NORITATE');
insert into Vaccine (name, vaccine_type, number_of_shots, cooldown_days, manufacturer_name) values ('FixSanS', 'mRNA', 2, 16, 'Piperacillin');
insert into Vaccine (name, vaccine_type, number_of_shots, cooldown_days, manufacturer_name) values ('Stronghold', 'mRNA', 1, 8, 'Pepcid');
insert into Vaccine (name, vaccine_type, number_of_shots, cooldown_days, manufacturer_name) values ('FlexidyA', 'mRNA', 1, 21, 'Lipitor');
insert into Vaccine (name, vaccine_type, number_of_shots, cooldown_days, manufacturer_name) values ('TinA', 'mRNA', 4, 14, 'Birch');
insert into Vaccine (name, vaccine_type, number_of_shots, cooldown_days, manufacturer_name) values ('VeribetA', 'mRNA', 3, 19, 'English');
insert into Vaccine (name, vaccine_type, number_of_shots, cooldown_days, manufacturer_name) values ('Zoolab', 'mRNA', 2, 14, 'HEADACHE');
insert into Vaccine (name, vaccine_type, number_of_shots, cooldown_days, manufacturer_name) values ('Temp', 'mRNA', 3, 11, 'Ceramide');
insert into Vaccine (name, vaccine_type, number_of_shots, cooldown_days, manufacturer_name) values ('Voyatouch', 'mRNA', 4, 16, 'Terazol');
insert into Vaccine (name, vaccine_type, number_of_shots, cooldown_days, manufacturer_name) values ('Fixflex', 'mRNA', 1, 8, 'Antiseptic');
insert into Vaccine (name, vaccine_type, number_of_shots, cooldown_days, manufacturer_name) values ('Cardguard', 'mRNA', 2, 21, 'Evista');
insert into Vaccine (name, vaccine_type, number_of_shots, cooldown_days, manufacturer_name) values ('Overhold', 'adenovirus vector', 1, 11, 'cold');
insert into Vaccine (name, vaccine_type, number_of_shots, cooldown_days, manufacturer_name) values ('Span', 'mRNA', 1, 17, 'Sulindac');
insert into Vaccine (name, vaccine_type, number_of_shots, cooldown_days, manufacturer_name) values ('Bitwolf', 'mRNA', 2, 16, 'Beef');
insert into Vaccine (name, vaccine_type, number_of_shots, cooldown_days, manufacturer_name) values ('Daltfresh', 'mRNA', 3, 10, 'Multitrace');
insert into Vaccine (name, vaccine_type, number_of_shots, cooldown_days, manufacturer_name) values ('TinB', 'mRNA', 2, 15, 'LBEL');
insert into Vaccine (name, vaccine_type, number_of_shots, cooldown_days, manufacturer_name) values ('Tampflex', 'mRNA', 3, 17, 'benzonatate');
insert into Vaccine (name, vaccine_type, number_of_shots, cooldown_days, manufacturer_name) values ('Otcom', 'mRNA', 4, 17, 'Pollens');
insert into Vaccine (name, vaccine_type, number_of_shots, cooldown_days, manufacturer_name) values ('SolarbreezeA', 'mRNA', 1, 15, 'FOUNDATION');
insert into Vaccine (name, vaccine_type, number_of_shots, cooldown_days, manufacturer_name) values ('Bytecard', 'adenovirus vector', 1, 18, 'MBM');
insert into Vaccine (name, vaccine_type, number_of_shots, cooldown_days, manufacturer_name) values ('Viva', 'mRNA', 2, 20, 'Betapace');
insert into Vaccine (name, vaccine_type, number_of_shots, cooldown_days, manufacturer_name) values ('Aerified', 'mRNA', 3, 17, 'TOURCIA');
insert into Vaccine (name, vaccine_type, number_of_shots, cooldown_days, manufacturer_name) values ('TinC', 'mRNA', 3, 21, 'NITROUS');
insert into Vaccine (name, vaccine_type, number_of_shots, cooldown_days, manufacturer_name) values ('Holdlamis', 'adenovirus vector', 2, 16, 'Acne');
insert into Vaccine (name, vaccine_type, number_of_shots, cooldown_days, manufacturer_name) values ('ZoolabA', 'mRNA', 1, 18, 'DISCOUNT');
insert into Vaccine (name, vaccine_type, number_of_shots, cooldown_days, manufacturer_name) values ('Bigtax', 'mRNA', 1, 18, 'Houief');
insert into Vaccine (name, vaccine_type, number_of_shots, cooldown_days, manufacturer_name) values ('AlphaA', 'mRNA', 1, 10, 'minoxidil');
insert into Vaccine (name, vaccine_type, number_of_shots, cooldown_days, manufacturer_name) values ('BitchipA', 'adenovirus vector', 4, 9, 'Pain');
insert into Vaccine (name, vaccine_type, number_of_shots, cooldown_days, manufacturer_name) values ('KonkluxA', 'mRNA', 1, 17, 'ANTBAC');
 
-- VACCINATION CENTER

insert into VaccinationCenter (center_id, name, address, postal_code, state) values (1, 'Fixflex', '7038 6th Hill', '48211', 'Michigan');
insert into VaccinationCenter (center_id, name, address, postal_code, state) values (2, 'YSolowarm', '9908 Mockingbird Way', '70116', 'Louisiana');
insert into VaccinationCenter (center_id, name, address, postal_code, state) values (3, 'Zontrax', '1 Sundown Place', '89436', 'Nevada');
insert into VaccinationCenter (center_id, name, address, postal_code, state) values (4, 'Stronghold', '7 Gina Avenue', '33915', 'Florida');
insert into VaccinationCenter (center_id, name, address, postal_code, state) values (5, 'Konklux', '67 Mitchell Avenue', '62756', 'Illinois');
insert into VaccinationCenter (center_id, name, address, postal_code, state) values (6, 'Prodder', '92 Kenwood Lane', '94142', 'California');
insert into VaccinationCenter (center_id, name, address, postal_code, state) values (7, 'Treeflex', '3985 Gina Pass', '34643', 'Florida');
insert into VaccinationCenter (center_id, name, address, postal_code, state) values (8, 'Voltsillam', '59603 Starling Center', '27626', 'North Carolina');
insert into VaccinationCenter (center_id, name, address, postal_code, state) values (9, 'Ventosanzap', '38762 Alpine Court', '90847', 'California');
insert into VaccinationCenter (center_id, name, address, postal_code, state) values (10, 'TresZap', '78 Anhalt Court', '33610', 'Florida');
insert into VaccinationCenter (center_id, name, address, postal_code, state) values (11, 'Zontrax', '6 Lien Terrace', '85072', 'Arizona');
insert into VaccinationCenter (center_id, name, address, postal_code, state) values (12, 'Stronghold', '7333 Brown Point', '92153', 'California');
insert into VaccinationCenter (center_id, name, address, postal_code, state) values (13, 'Sonsing', '35555 Carpenter Point', '94137', 'California');
insert into VaccinationCenter (center_id, name, address, postal_code, state) values (14, 'Voltsillam', '41201 Fair Oaks Road', '73190', 'Oklahoma');
insert into VaccinationCenter (center_id, name, address, postal_code, state) values (15, 'Toughjoyfax', '23834 Lawn Street', '30092', 'Georgia');
insert into VaccinationCenter (center_id, name, address, postal_code, state) values (16, 'Namfix', '8350 Twin Pines Alley', '88535', 'Texas');
insert into VaccinationCenter (center_id, name, address, postal_code, state) values (17, 'HomeIng', '92048 Farwell Place', '88525', 'Texas');
insert into VaccinationCenter (center_id, name, address, postal_code, state) values (18, 'Lotlux', '0883 Cottonwood Place', '89036', 'Nevada');
insert into VaccinationCenter (center_id, name, address, postal_code, state) values (19, 'Bitwolf', '748 Killdeer Crossing', '77343', 'Texas');
insert into VaccinationCenter (center_id, name, address, postal_code, state) values (20, 'Subin', '062 Delaware Pass', '31119', 'Georgia');
insert into VaccinationCenter (center_id, name, address, postal_code, state) values (21, 'Duobam', '4 Hovde Center', '97206', 'Oregon');
insert into VaccinationCenter (center_id, name, address, postal_code, state) values (22, 'Zoolab', '0952 Florence Lane', '48919', 'Michigan');
insert into VaccinationCenter (center_id, name, address, postal_code, state) values (23, 'HomeIng', '46811 Homewood Lane', '12325', 'New York');
insert into VaccinationCenter (center_id, name, address, postal_code, state) values (24, 'Fintone', '2 Mifflin Park', '73124', 'Oklahoma');
insert into VaccinationCenter (center_id, name, address, postal_code, state) values (25, 'Asoka', '7 Riverside Drive', '12222', 'New York');
insert into VaccinationCenter (center_id, name, address, postal_code, state) values (26, 'Hatity', '599 Westend Street', '25313', 'West Virginia');
insert into VaccinationCenter (center_id, name, address, postal_code, state) values (27, 'Bigtax', '65962 Roth Hill', '57105', 'South Dakota');
insert into VaccinationCenter (center_id, name, address, postal_code, state) values (28, 'Bigtax', '48771 Bobwhite Trail', '30316', 'Georgia');
insert into VaccinationCenter (center_id, name, address, postal_code, state) values (29, 'Span', '4 Laurel Street', '29220', 'South Carolina');
insert into VaccinationCenter (center_id, name, address, postal_code, state) values (30, 'Job', '349 Marcy Parkway', '91505', 'California');
insert into VaccinationCenter (center_id, name, address, postal_code, state) values (31, 'Subin', '64286 Old Shore Road', '89145', 'Nevada');
insert into VaccinationCenter (center_id, name, address, postal_code, state) values (32, 'Pannier', '9 Gale Pass', '31190', 'Georgia');
insert into VaccinationCenter (center_id, name, address, postal_code, state) values (33, 'Bitwolf', '0923 Northport Way', '73135', 'Oklahoma');
insert into VaccinationCenter (center_id, name, address, postal_code, state) values (34, 'Tampflex', '15 Kings Circle', '30375', 'Georgia');
insert into VaccinationCenter (center_id, name, address, postal_code, state) values (35, 'Cardguard', '2 Mayer Place', '33737', 'Florida');
insert into VaccinationCenter (center_id, name, address, postal_code, state) values (36, 'Holdlamis', '716 Weeping Birch Crossing', '35815', 'Alabama');
insert into VaccinationCenter (center_id, name, address, postal_code, state) values (37, 'SubEx', '78 Chive Pass', '02298', 'Massachusetts');
insert into VaccinationCenter (center_id, name, address, postal_code, state) values (38, 'Tempsoft', '210 Mariners Cove Park', '27425', 'North Carolina');
insert into VaccinationCenter (center_id, name, address, postal_code, state) values (39, 'Regrant', '20 Marquette Hill', '28055', 'North Carolina');
insert into VaccinationCenter (center_id, name, address, postal_code, state) values (40, 'Lotstring', '067 Southridge Trail', '44505', 'Ohio');
insert into VaccinationCenter (center_id, name, address, postal_code, state) values (41, 'Otcom', '644 Lindbergh Court', '19897', 'Delaware');
insert into VaccinationCenter (center_id, name, address, postal_code, state) values (42, 'Asoka', '58476 Monica Road', '58106', 'North Dakota');
insert into VaccinationCenter (center_id, name, address, postal_code, state) values (43, 'Duobam', '7 Rusk Terrace', '90015', 'California');
insert into VaccinationCenter (center_id, name, address, postal_code, state) values (44, 'Temp', '5 Maple Drive', '36622', 'Alabama');
insert into VaccinationCenter (center_id, name, address, postal_code, state) values (45, 'Duobam', '68 Michigan Plaza', '70142', 'Louisiana');
insert into VaccinationCenter (center_id, name, address, postal_code, state) values (46, 'Keylex', '58039 Cordelia Crossing', '20005', 'District of Columbia');
insert into VaccinationCenter (center_id, name, address, postal_code, state) values (47, 'Pannier', '70 Lukken Court', '02216', 'Massachusetts');
insert into VaccinationCenter (center_id, name, address, postal_code, state) values (48, 'Bytecard', '4 Northfield Avenue', '85284', 'Arizona');
insert into VaccinationCenter (center_id, name, address, postal_code, state) values (49, 'Regrant', '218 Towne Point', '80217', 'Colorado');
insert into VaccinationCenter (center_id, name, address, postal_code, state) values (50, 'Stronghold', '51807 Arizona Drive', '89135', 'Nevada');

-- VACCINE ORDER

INSERT INTO VaccineOrder(order_id, manufacturer_name, center_id, order_amount, order_date, vaccine_name)
VALUES (100, "camche", 1, 500, "2021-05-18 13:00:00", "janssen");

INSERT INTO VaccineOrder(order_id, manufacturer_name, center_id, order_amount, order_date, vaccine_name)
VALUES (102, "dartis", 2, 300, "2021-04-06 07:00:00", "vaxzevria");

INSERT INTO VaccineOrder(order_id, manufacturer_name, center_id, order_amount, order_date, vaccine_name)
VALUES (103, "haxola", 3, 250, "2021-01-31 20:00:00", "spikevax");

INSERT INTO VaccineOrder(order_id, manufacturer_name, center_id, order_amount, order_date, vaccine_name)
VALUES (100, "pontel", 2, 400, "2021-08-01 07:00:00", "merck");

INSERT INTO VaccineOrder(order_id, manufacturer_name, center_id, order_amount, order_date, vaccine_name)
VALUES (105, "veler", 5, 350, "2021-09-21 06:00:00", "comirnaty");


insert into VaccineOrder (order_id, manufacturer_name, center_id, order_amount, order_date, vaccine_name) values (1, 'Peptostrep', 1, 4537, '2021-11-11 11:20:44', 'Alpha');
insert into VaccineOrder (order_id, manufacturer_name, center_id, order_amount, order_date, vaccine_name) values (2, 'Allergy', 2, 2325, '2021-11-23 15:06:43', 'Regrant');
insert into VaccineOrder (order_id, manufacturer_name, center_id, order_amount, order_date, vaccine_name) values (3, 'Pramipexole', 3, 2547, '2021-10-26 05:09:25', 'Cardify');
insert into VaccineOrder (order_id, manufacturer_name, center_id, order_amount, order_date, vaccine_name) values (4, 'BAROX', 4, 1416, '2021-11-06 18:16:23', 'Zathin');
insert into VaccineOrder (order_id, manufacturer_name, center_id, order_amount, order_date, vaccine_name) values (5, 'Bayer', 5, 4657, '2021-11-11 06:21:49', 'Lotstring');
insert into VaccineOrder (order_id, manufacturer_name, center_id, order_amount, order_date, vaccine_name) values (6, 'Fibromyalgia', 6, 4547, '2021-11-13 18:26:56', 'Tin');
insert into VaccineOrder (order_id, manufacturer_name, center_id, order_amount, order_date, vaccine_name) values (7, 'Citalopram', 7, 1873, '2021-11-24 04:34:11', 'Latlux');
insert into VaccineOrder (order_id, manufacturer_name, center_id, order_amount, order_date, vaccine_name) values (8, 'Denti', 8, 2726, '2021-10-27 16:31:16', 'Hatity');
insert into VaccineOrder (order_id, manufacturer_name, center_id, order_amount, order_date, vaccine_name) values (9, 'Solar', 9, 2531, '2021-11-12 11:50:45', 'Yfind');
insert into VaccineOrder (order_id, manufacturer_name, center_id, order_amount, order_date, vaccine_name) values (10, 'Fluvastatin', 10, 3999, '2021-11-10 04:26:36', 'Ventosanzap');
insert into VaccineOrder (order_id, manufacturer_name, center_id, order_amount, order_date, vaccine_name) values (11, 'Fosrenol', 11, 5614, '2021-10-26 12:48:02', 'Gembucket');
insert into VaccineOrder (order_id, manufacturer_name, center_id, order_amount, order_date, vaccine_name) values (12, 'Vanilla', 12, 5151, '2021-11-12 02:41:57', 'FixSan');
insert into VaccineOrder (order_id, manufacturer_name, center_id, order_amount, order_date, vaccine_name) values (13, 'Kit', 13, 1017, '2021-11-21 01:26:30', 'Bitchip');
insert into VaccineOrder (order_id, manufacturer_name, center_id, order_amount, order_date, vaccine_name) values (14, 'Pleo', 14, 1351, '2021-10-31 15:52:31', 'Flexidy');
insert into VaccineOrder (order_id, manufacturer_name, center_id, order_amount, order_date, vaccine_name) values (15, 'Methocarbamol', 15, 4539, '2021-11-17 14:34:37', 'Solarbreeze');
insert into VaccineOrder (order_id, manufacturer_name, center_id, order_amount, order_date, vaccine_name) values (16, 'Diphenhydramine', 16, 2845, '2021-11-06 09:08:55', 'Flowdesk');
insert into VaccineOrder (order_id, manufacturer_name, center_id, order_amount, order_date, vaccine_name) values (17, 'Glimepiride', 17, 4842, '2021-11-14 09:11:33', 'Duobam');
insert into VaccineOrder (order_id, manufacturer_name, center_id, order_amount, order_date, vaccine_name) values (18, 'ZOVIRAX', 18, 971, '2021-11-22 08:17:06', 'Konklux');
insert into VaccineOrder (order_id, manufacturer_name, center_id, order_amount, order_date, vaccine_name) values (19, 'Amitriptyline', 19, 5828, '2021-11-04 09:27:57', 'HomeIng');
insert into VaccineOrder (order_id, manufacturer_name, center_id, order_amount, order_date, vaccine_name) values (20, 'Vancomycin', 20, 2672, '2021-11-21 01:11:13', 'Pannier');
insert into VaccineOrder (order_id, manufacturer_name, center_id, order_amount, order_date, vaccine_name) values (21, 'Metoprolol', 21, 6415, '2021-11-20 01:23:10', 'Wrapsafe');
insert into VaccineOrder (order_id, manufacturer_name, center_id, order_amount, order_date, vaccine_name) values (22, 'NORITATE', 22, 2314, '2021-11-02 12:32:11', 'Veribet');
insert into VaccineOrder (order_id, manufacturer_name, center_id, order_amount, order_date, vaccine_name) values (23, 'Piperacillin', 23, 6150, '2021-11-26 08:42:13', 'FixSanS');
insert into VaccineOrder (order_id, manufacturer_name, center_id, order_amount, order_date, vaccine_name) values (24, 'Pepcid', 24, 7038, '2021-11-11 02:31:06', 'Stronghold');
insert into VaccineOrder (order_id, manufacturer_name, center_id, order_amount, order_date, vaccine_name) values (25, 'Lipitor', 25, 7114, '2021-11-10 21:19:12', 'FlexidyA');
insert into VaccineOrder (order_id, manufacturer_name, center_id, order_amount, order_date, vaccine_name) values (26, 'Birch', 26, 5135, '2021-11-08 11:39:22', 'TinA');
insert into VaccineOrder (order_id, manufacturer_name, center_id, order_amount, order_date, vaccine_name) values (27, 'English', 27, 4825, '2021-11-06 07:04:52', 'VeribetA');
insert into VaccineOrder (order_id, manufacturer_name, center_id, order_amount, order_date, vaccine_name) values (28, 'HEADACHE', 28, 5063, '2021-11-06 22:29:12', 'Zoolab');
insert into VaccineOrder (order_id, manufacturer_name, center_id, order_amount, order_date, vaccine_name) values (29, 'Ceramide', 29, 7453, '2021-11-17 08:31:42', 'Temp');
insert into VaccineOrder (order_id, manufacturer_name, center_id, order_amount, order_date, vaccine_name) values (30, 'Terazol', 30, 7433, '2021-11-08 12:08:36', 'Voyatouch');
insert into VaccineOrder (order_id, manufacturer_name, center_id, order_amount, order_date, vaccine_name) values (31, 'Antiseptic', 31, 5150, '2021-10-28 02:33:57', 'Fixflex');
insert into VaccineOrder (order_id, manufacturer_name, center_id, order_amount, order_date, vaccine_name) values (32, 'Evista', 32, 3210, '2021-11-16 23:09:55', 'Cardguard');
insert into VaccineOrder (order_id, manufacturer_name, center_id, order_amount, order_date, vaccine_name) values (33, 'cold', 33, 1816, '2021-10-30 19:51:35', 'Overhold');
insert into VaccineOrder (order_id, manufacturer_name, center_id, order_amount, order_date, vaccine_name) values (34, 'Sulindac', 34, 5200, '2021-11-24 12:01:02', 'Span');
insert into VaccineOrder (order_id, manufacturer_name, center_id, order_amount, order_date, vaccine_name) values (35, 'Beef', 35, 4006, '2021-11-06 13:43:06', 'Bitwolf');
insert into VaccineOrder (order_id, manufacturer_name, center_id, order_amount, order_date, vaccine_name) values (36, 'Multitrace', 36, 3190, '2021-10-31 18:37:34', 'Daltfresh');
insert into VaccineOrder (order_id, manufacturer_name, center_id, order_amount, order_date, vaccine_name) values (37, 'LBEL', 37, 5175, '2021-10-29 11:14:45', 'TinB');
insert into VaccineOrder (order_id, manufacturer_name, center_id, order_amount, order_date, vaccine_name) values (38, 'benzonatate', 38, 7463, '2021-11-09 16:49:01', 'Tampflex');
insert into VaccineOrder (order_id, manufacturer_name, center_id, order_amount, order_date, vaccine_name) values (39, 'Pollens', 39, 5598, '2021-11-02 22:47:47', 'Otcom');
insert into VaccineOrder (order_id, manufacturer_name, center_id, order_amount, order_date, vaccine_name) values (40, 'FOUNDATION', 40, 1568, '2021-11-09 07:11:24', 'SolarbreezeA');
insert into VaccineOrder (order_id, manufacturer_name, center_id, order_amount, order_date, vaccine_name) values (41, 'MBM', 41, 5550, '2021-11-15 04:24:16', 'Bytecard');
insert into VaccineOrder (order_id, manufacturer_name, center_id, order_amount, order_date, vaccine_name) values (42, 'Betapace', 42, 4084, '2021-11-07 16:58:29', 'Viva');
insert into VaccineOrder (order_id, manufacturer_name, center_id, order_amount, order_date, vaccine_name) values (43, 'TOURCIA', 43, 2537, '2021-10-25 01:32:02', 'Aerified');
insert into VaccineOrder (order_id, manufacturer_name, center_id, order_amount, order_date, vaccine_name) values (44, 'NITROUS', 44, 1916, '2021-11-07 15:48:17', 'TinC');
insert into VaccineOrder (order_id, manufacturer_name, center_id, order_amount, order_date, vaccine_name) values (45, 'Acne', 45, 1427, '2021-11-06 10:16:58', 'Holdlamis');
insert into VaccineOrder (order_id, manufacturer_name, center_id, order_amount, order_date, vaccine_name) values (46, 'DISCOUNT', 46, 3604, '2021-11-17 21:51:15', 'ZoolabA');
insert into VaccineOrder (order_id, manufacturer_name, center_id, order_amount, order_date, vaccine_name) values (47, 'Houief', 47, 1155, '2021-11-13 08:50:34', 'Bigtax');
insert into VaccineOrder (order_id, manufacturer_name, center_id, order_amount, order_date, vaccine_name) values (48, 'minoxidil', 48, 7093, '2021-11-07 13:27:07', 'AlphaA');
insert into VaccineOrder (order_id, manufacturer_name, center_id, order_amount, order_date, vaccine_name) values (49, 'Pain', 49, 3651, '2021-10-31 08:08:43', 'BitchipA');
insert into VaccineOrder (order_id, manufacturer_name, center_id, order_amount, order_date, vaccine_name) values (50, 'ANTBAC', 50, 4123, '2021-11-16 22:35:47', 'KonkluxA');

-- VACCINATION APPOINTMENT

INSERT INTO VaccinationAppointment(appointment_id, center_id, date, current, receiver_phn)
VALUES (1, 1, "2021-04-12 13:12:00", 1, 7887737737);

INSERT INTO VaccinationAppointment(appointment_id, center_id, date, current, receiver_phn)
VALUES (2, 1, "2021-04-12 14:12:00", 0, 7887737737);

INSERT INTO VaccinationAppointment(appointment_id, center_id, date, current, receiver_phn)
VALUES (3, 2, "2021-09-02 15:00:00", 1, 6363822534);

INSERT INTO VaccinationAppointment(appointment_id, center_id, date, current, receiver_phn)
VALUES (4, 5, "2021-02-24 12:00:00", 1, 5238222152);

INSERT INTO VaccinationAppointment(appointment_id, center_id, date, current, receiver_phn)
VALUES (5, 3, "2021-08-06 10:38:00", 1, 9338621983);

-- SIDE EFFECT

INSERT INTO SideEffect(body_part, complaint)
VALUES ("head", "stroke");

INSERT INTO SideEffect(body_part, complaint)
VALUES ("arm", "armache");

INSERT INTO SideEffect(body_part, complaint)
VALUES ("heart", "heart attack");

INSERT INTO SideEffect(body_part, complaint)
VALUES ("lung", "blood clot");

INSERT INTO SideEffect(body_part, complaint)
VALUES ("arm", "swollen");

-- SideEffectHappenedToVaccineReceiver

INSERT INTO SideEffectHappenedToVaccineReceiver(receiver_phn, body_part, complaint, date_of_complaint)
VALUES (7887737737, "head", "stroke", "2021-04-12");

INSERT INTO SideEffectHappenedToVaccineReceiver(receiver_phn, body_part, complaint, date_of_complaint)
VALUES (9338621983, "arm", "armache", "2021-08-24");

INSERT INTO SideEffectHappenedToVaccineReceiver(receiver_phn, body_part, complaint, date_of_complaint)
VALUES (1239633877, "heart", "heart attack", "2021-11-18");

INSERT INTO SideEffectHappenedToVaccineReceiver(receiver_phn, body_part, complaint, date_of_complaint)
VALUES (6363822534, "lung", "blood clot", "2021-12-09");

INSERT INTO SideEffectHappenedToVaccineReceiver(receiver_phn, body_part, complaint, date_of_complaint)
VALUES (5238222152, "arm", "armache", "2021-12-27");

-- VaccineHasSideEffect

INSERT INTO VaccineHasSideEffect(vaccine_name, body_part, complaint)
VALUES ("comirnaty", "head", "stroke");

INSERT INTO VaccineHasSideEffect(vaccine_name, body_part, complaint)
VALUES ("merck", "arm", "armache");

INSERT INTO VaccineHasSideEffect(vaccine_name, body_part, complaint)
VALUES ("spikevax", "heart", "heart attack");

INSERT INTO VaccineHasSideEffect(vaccine_name, body_part, complaint)
VALUES ("janssen", "lung", "blood clot");

INSERT INTO VaccineHasSideEffect(vaccine_name, body_part, complaint)
VALUES ("vaxzevria", "arm", "armache");

-- VaccineRecieverGetsShotVaccine

INSERT INTO VaccineRecieverGetsShotVaccine(receiver_phn, vaccine_name, shot_time, healthWorker_phn, appointment_id, center_id)
VALUES (9338621983, "comirnaty", "2021-04-12 13:13:00", 1887737737, 1, 1);

INSERT INTO VaccineRecieverGetsShotVaccine(receiver_phn, vaccine_name, shot_time, healthWorker_phn, appointment_id, center_id)
VALUES (7887737737, "janssen", "2021-04-12 14:15:00", 5363822534, 2, 1);

INSERT INTO VaccineRecieverGetsShotVaccine(receiver_phn, vaccine_name, shot_time, healthWorker_phn, appointment_id, center_id)
VALUES (6363822534, "merck", "2021-09-02 15:03:00", 6238222152, 3, 2);

INSERT INTO VaccineRecieverGetsShotVaccine(receiver_phn, vaccine_name, shot_time, healthWorker_phn, appointment_id, center_id)
VALUES (5238222152, "spikevax", "2021-02-24 12:04:00", 7338621983, 4, 5);

INSERT INTO VaccineRecieverGetsShotVaccine(receiver_phn, vaccine_name, shot_time, healthWorker_phn, appointment_id, center_id)
VALUES (1239633877, "vaxzevria", "2021-08-06 10:49:00", 9239633877, 5, 3);

-- VaccinationCenterInventoriesVaccine

INSERT INTO VaccinationCenterInventoriesVaccine(center_id, vaccine_name, amount)
VALUES (1, "comirnaty", 60);

INSERT INTO VaccinationCenterInventoriesVaccine(center_id, vaccine_name, amount)
VALUES (2, "janssen", 100);

INSERT INTO VaccinationCenterInventoriesVaccine(center_id, vaccine_name, amount)
VALUES (3, "merck", 1500);

INSERT INTO VaccinationCenterInventoriesVaccine(center_id, vaccine_name, amount)
VALUES (4, "spikevax", 5);

INSERT INTO VaccinationCenterInventoriesVaccine(center_id, vaccine_name, amount)
VALUES (5, "vaxzevria", 24);

INSERT INTO VaccinationCenterInventoriesVaccine(center_id, vaccine_name, amount) VALUES (5, "comirnaty", 50);
INSERT INTO VaccinationCenterInventoriesVaccine(center_id, vaccine_name, amount) VALUES (5, "merck", 33);
INSERT INTO VaccinationCenterInventoriesVaccine(center_id, vaccine_name, amount) VALUES (5, "spikevax", 13);
INSERT INTO VaccinationCenterInventoriesVaccine(center_id, vaccine_name, amount) VALUES (5, "janssen", 103);
INSERT INTO VaccinationCenterInventoriesVaccine(center_id, vaccine_name, amount) VALUES (5, "Alpha", 109);
INSERT INTO VaccinationCenterInventoriesVaccine(center_id, vaccine_name, amount) VALUES (5, "Regrant", 76);
INSERT INTO VaccinationCenterInventoriesVaccine(center_id, vaccine_name, amount) VALUES (5, "Cardify", 59);
INSERT INTO VaccinationCenterInventoriesVaccine(center_id, vaccine_name, amount) VALUES (5, "Zathin", 108);
INSERT INTO VaccinationCenterInventoriesVaccine(center_id, vaccine_name, amount) VALUES (5, "Lotstring", 57);
INSERT INTO VaccinationCenterInventoriesVaccine(center_id, vaccine_name, amount) VALUES (5, "Tin", 20);
INSERT INTO VaccinationCenterInventoriesVaccine(center_id, vaccine_name, amount) VALUES (5, "Latlux", 49);
INSERT INTO VaccinationCenterInventoriesVaccine(center_id, vaccine_name, amount) VALUES (5, "Hatity", 16);
INSERT INTO VaccinationCenterInventoriesVaccine(center_id, vaccine_name, amount) VALUES (5, "Yfind", 71);
INSERT INTO VaccinationCenterInventoriesVaccine(center_id, vaccine_name, amount) VALUES (5, "Ventosanzap", 30);
INSERT INTO VaccinationCenterInventoriesVaccine(center_id, vaccine_name, amount) VALUES (5, "Gembucket", 94);
INSERT INTO VaccinationCenterInventoriesVaccine(center_id, vaccine_name, amount) VALUES (5, "FixSan", 27);
INSERT INTO VaccinationCenterInventoriesVaccine(center_id, vaccine_name, amount) VALUES (5, "Bitchip", 45);
INSERT INTO VaccinationCenterInventoriesVaccine(center_id, vaccine_name, amount) VALUES (5, "Flexidy", 102);
INSERT INTO VaccinationCenterInventoriesVaccine(center_id, vaccine_name, amount) VALUES (5, "Solarbreeze", 98);
INSERT INTO VaccinationCenterInventoriesVaccine(center_id, vaccine_name, amount) VALUES (5, "Flowdesk", 72);
INSERT INTO VaccinationCenterInventoriesVaccine(center_id, vaccine_name, amount) VALUES (5, "Duobam", 23);
INSERT INTO VaccinationCenterInventoriesVaccine(center_id, vaccine_name, amount) VALUES (5, "Konklux", 96);
INSERT INTO VaccinationCenterInventoriesVaccine(center_id, vaccine_name, amount) VALUES (5, "HomeIng", 42);
INSERT INTO VaccinationCenterInventoriesVaccine(center_id, vaccine_name, amount) VALUES (5, "Pannier", 11);
INSERT INTO VaccinationCenterInventoriesVaccine(center_id, vaccine_name, amount) VALUES (5, "Wrapsafe", 17);
INSERT INTO VaccinationCenterInventoriesVaccine(center_id, vaccine_name, amount) VALUES (5, "Veribet", 24);
INSERT INTO VaccinationCenterInventoriesVaccine(center_id, vaccine_name, amount) VALUES (5, "FixSanS", 61);
INSERT INTO VaccinationCenterInventoriesVaccine(center_id, vaccine_name, amount) VALUES (5, "Stronghold", 40);
INSERT INTO VaccinationCenterInventoriesVaccine(center_id, vaccine_name, amount) VALUES (5, "FlexidyA", 110);
INSERT INTO VaccinationCenterInventoriesVaccine(center_id, vaccine_name, amount) VALUES (5, "TinA", 105);
INSERT INTO VaccinationCenterInventoriesVaccine(center_id, vaccine_name, amount) VALUES (5, "VeribetA", 48);
INSERT INTO VaccinationCenterInventoriesVaccine(center_id, vaccine_name, amount) VALUES (5, "Zoolab", 4);
INSERT INTO VaccinationCenterInventoriesVaccine(center_id, vaccine_name, amount) VALUES (5, "Temp", 52);
INSERT INTO VaccinationCenterInventoriesVaccine(center_id, vaccine_name, amount) VALUES (5, "Voyatouch", 60);
INSERT INTO VaccinationCenterInventoriesVaccine(center_id, vaccine_name, amount) VALUES (5, "Fixflex", 2);
INSERT INTO VaccinationCenterInventoriesVaccine(center_id, vaccine_name, amount) VALUES (5, "Cardguard", 69);
INSERT INTO VaccinationCenterInventoriesVaccine(center_id, vaccine_name, amount) VALUES (5, "Overhold", 86);
INSERT INTO VaccinationCenterInventoriesVaccine(center_id, vaccine_name, amount) VALUES (5, "Span", 55);
INSERT INTO VaccinationCenterInventoriesVaccine(center_id, vaccine_name, amount) VALUES (5, "Bitwolf", 39);
INSERT INTO VaccinationCenterInventoriesVaccine(center_id, vaccine_name, amount) VALUES (5, "Daltfresh", 41);
INSERT INTO VaccinationCenterInventoriesVaccine(center_id, vaccine_name, amount) VALUES (5, "TinB", 1);
INSERT INTO VaccinationCenterInventoriesVaccine(center_id, vaccine_name, amount) VALUES (5, "Tampflex", 79);
INSERT INTO VaccinationCenterInventoriesVaccine(center_id, vaccine_name, amount) VALUES (5, "Otcom", 99);
INSERT INTO VaccinationCenterInventoriesVaccine(center_id, vaccine_name, amount) VALUES (5, "SolarbreezeA", 104);
INSERT INTO VaccinationCenterInventoriesVaccine(center_id, vaccine_name, amount) VALUES (5, "Bytecard", 70);
INSERT INTO VaccinationCenterInventoriesVaccine(center_id, vaccine_name, amount) VALUES (5, "Viva", 14);
INSERT INTO VaccinationCenterInventoriesVaccine(center_id, vaccine_name, amount) VALUES (5, "Aerified", 74);
INSERT INTO VaccinationCenterInventoriesVaccine(center_id, vaccine_name, amount) VALUES (5, "TinC", 101);
INSERT INTO VaccinationCenterInventoriesVaccine(center_id, vaccine_name, amount) VALUES (5, "Holdlamis", 26);
INSERT INTO VaccinationCenterInventoriesVaccine(center_id, vaccine_name, amount) VALUES (5, "ZoolabA", 29);
INSERT INTO VaccinationCenterInventoriesVaccine(center_id, vaccine_name, amount) VALUES (5, "Bigtax", 107);
INSERT INTO VaccinationCenterInventoriesVaccine(center_id, vaccine_name, amount) VALUES (5, "AlphaA", 64);
INSERT INTO VaccinationCenterInventoriesVaccine(center_id, vaccine_name, amount) VALUES (5, "BitchipA", 91);
INSERT INTO VaccinationCenterInventoriesVaccine(center_id, vaccine_name, amount) VALUES (5, "KonkluxA", 89);
